Country,vaccinationratio,populationratio,ratioofratios
India,0.8905716564593792,0.9416098771349518,0.9457968507819106
